Status,Presolve,Solve,Objval
Optimal,1481.262067079544,2827.292708873749,6.997175991098584e10
