Status,Presolve,Solve,Objval
Optimal,1573.794399023056,6120.346891880035,7.914675435640735e10
