Status,Presolve,Solve,Objval
Optimal,1847.2666490077972,8126.390822887421,8.720926026712823e10
