Status,Presolve,Solve,Objval
Optimal,1815.6297459602356,2989.7577199935913,7.420561202795728e10
