Status,Presolve,Solve,Objval
Optimal,1586.2150728702545,3321.7675499916077,8.273951580921094e10
