Status,Presolve,Solve,Objval
Optimal,1653.40722489357,6081.890492916107,7.779523141977444e10
