Status,Presolve,Solve,Objval
Optimal,1525.8513360023499,1283.2221388816833,1.3404522047985986e11
