Status,Presolve,Solve,Objval
Optimal,1557.1547799110413,2798.291839122772,6.675704740146515e10
